-- phpMyAdmin SQL Dump
-- version 5.2.0
-- https://www.phpmyadmin.net/
--
-- Host: 127.0.0.1
-- Generation Time: Jun 05, 2023 at 06:12 PM
-- Server version: 10.4.24-MariaDB
-- PHP Version: 8.1.6

SET SQL_MODE = "NO_AUTO_VALUE_ON_ZERO";
START TRANSACTION;
SET time_zone = "+00:00";


/*!40101 SET @OLD_CHARACTER_SET_CLIENT=@@CHARACTER_SET_CLIENT */;
/*!40101 SET @OLD_CHARACTER_SET_RESULTS=@@CHARACTER_SET_RESULTS */;
/*!40101 SET @OLD_COLLATION_CONNECTION=@@COLLATION_CONNECTION */;
/*!40101 SET NAMES utf8mb4 */;

--
-- Database: `trendhub`
--

-- --------------------------------------------------------

--
-- Table structure for table `tbl_color`
--

CREATE TABLE `tbl_color` (
  `color_id` int(11) NOT NULL,
  `color_name` varchar(255) NOT NULL
) ENGINE=InnoDB DEFAULT CHARSET=latin1;

--
-- Dumping data for table `tbl_color`
--

INSERT INTO `tbl_color` (`color_id`, `color_name`) VALUES
(1, 'Red'),
(2, 'Black'),
(3, 'Blue'),
(5, 'Green'),
(6, 'White'),
(7, 'Orange'),
(8, 'Brown'),
(9, 'Tan'),
(10, 'Pink'),
(11, 'Mixed'),
(12, 'Lightblue'),
(13, 'Violet'),
(14, 'Light Purple'),
(15, 'Salmon'),
(16, 'Gold'),
(17, 'Gray'),
(18, 'Ash'),
(19, 'Maroon'),
(20, 'Silver');

-- --------------------------------------------------------

--
-- Table structure for table `tbl_country`
--

CREATE TABLE `tbl_country` (
  `country_id` int(11) NOT NULL,
  `country_name` varchar(100) NOT NULL DEFAULT ''
) ENGINE=MyISAM DEFAULT CHARSET=utf8;

--
-- Dumping data for table `tbl_country`
--

INSERT INTO `tbl_country` (`country_id`, `country_name`) VALUES
(259, 'Bhutan'),
(258, 'Sri Lanka'),
(257, 'Nepal'),
(256, 'Bangladesh'),
(255, 'China'),
(254, 'Austria'),
(253, 'Australia'),
(252, 'Argentina'),
(251, 'Angola'),
(250, 'Andorra'),
(249, 'Algeria'),
(248, 'Albania'),
(247, 'Afghanistan'),
(246, 'India');

-- --------------------------------------------------------

--
-- Table structure for table `tbl_customer`
--

CREATE TABLE `tbl_customer` (
  `cust_id` int(11) NOT NULL,
  `cust_name` varchar(100) NOT NULL,
  `cust_email` varchar(100) NOT NULL,
  `cust_phone` varchar(50) NOT NULL,
  `cust_country` int(11) NOT NULL,
  `cust_address` text NOT NULL,
  `cust_city` varchar(100) NOT NULL,
  `cust_state` varchar(100) NOT NULL,
  `cust_zip` varchar(30) NOT NULL,
  `cust_b_name` varchar(100) NOT NULL,
  `cust_b_phone` varchar(50) NOT NULL,
  `cust_b_country` int(11) NOT NULL,
  `cust_b_address` text NOT NULL,
  `cust_b_city` varchar(100) NOT NULL,
  `cust_b_state` varchar(100) NOT NULL,
  `cust_b_zip` varchar(30) NOT NULL,
  `cust_s_name` varchar(100) NOT NULL,
  `cust_s_phone` varchar(50) NOT NULL,
  `cust_s_country` int(11) NOT NULL,
  `cust_s_address` text NOT NULL,
  `cust_s_city` varchar(100) NOT NULL,
  `cust_s_state` varchar(100) NOT NULL,
  `cust_s_zip` varchar(30) NOT NULL,
  `cust_password` varchar(100) NOT NULL,
  `cust_token` varchar(255) NOT NULL,
  `cust_datetime` varchar(100) NOT NULL,
  `cust_timestamp` varchar(100) NOT NULL,
  `cust_status` int(1) NOT NULL
) ENGINE=InnoDB DEFAULT CHARSET=utf8mb4;

--
-- Dumping data for table `tbl_customer`
--

INSERT INTO `tbl_customer` (`cust_id`, `cust_name`, `cust_email`, `cust_phone`, `cust_country`, `cust_address`, `cust_city`, `cust_state`, `cust_zip`, `cust_b_name`, `cust_b_phone`, `cust_b_country`, `cust_b_address`, `cust_b_city`, `cust_b_state`, `cust_b_zip`, `cust_s_name`, `cust_s_phone`, `cust_s_country`, `cust_s_address`, `cust_s_city`, `cust_s_state`, `cust_s_zip`, `cust_password`, `cust_token`, `cust_datetime`, `cust_timestamp`, `cust_status`) VALUES
(14, 'Rehan Khan', 'rkhan860555@gmail.com', '9834127713', 246, 'Balaji boys hostel Narhe.', 'Pune', 'Maharashtra', '411041', 'Rehan Nijam Khan', '09834127713', 246, 'Balaji boys hostel Narhe\r\nBalaji boys hostel', 'Pune', 'maharashtra', '411041', 'Rehan Nijam Khan', '09834127713', 246, 'Balaji boys hostel Narhe\r\nBalaji boys hostel', 'pune', 'maharashtra', '411041', '698d51a19d8a121ce581499d7b701668', '', '2023-06-04 03:20:10', '1685872210', 1),
(15, 'Mihir', 'its.mihir11@gmail.com', '09877665588', 246, 'Balaji boys', 'pune', 'maharashtra', '411041', '', '', 0, '', '', '', '', '', '', 0, '', '', '', '', '202cb962ac59075b964b07152d234b70', '2c4c279978e690d780966ccbea74cb9e', '2023-06-05 10:52:43', '1685942563', 0);

-- --------------------------------------------------------

--
-- Table structure for table `tbl_customer_message`
--

CREATE TABLE `tbl_customer_message` (
  `customer_message_id` int(11) NOT NULL,
  `subject` varchar(255) NOT NULL,
  `message` text NOT NULL,
  `order_detail` text NOT NULL,
  `cust_id` int(11) NOT NULL
) ENGINE=MyISAM DEFAULT CHARSET=utf8mb4;

-- --------------------------------------------------------

--
-- Table structure for table `tbl_end_category`
--

CREATE TABLE `tbl_end_category` (
  `ecat_id` int(11) NOT NULL,
  `ecat_name` varchar(255) NOT NULL,
  `mcat_id` int(11) NOT NULL
) ENGINE=InnoDB DEFAULT CHARSET=latin1;

--
-- Dumping data for table `tbl_end_category`
--

INSERT INTO `tbl_end_category` (`ecat_id`, `ecat_name`, `mcat_id`) VALUES
(1, 'Headwear ', 1),
(2, 'Sunglasses', 1),
(3, 'Watches', 1),
(4, 'Sandals', 2),
(5, 'Boots', 2),
(6, 'Tops', 3),
(7, 'T-Shirt', 3),
(11, 'Sports Shoes', 2),
(12, 'Sandals', 6),
(13, 'Flat Shoes', 6),
(14, 'Hoodies', 7),
(15, 'Coats & Jackets', 7),
(16, 'Pants', 8),
(17, 'Jeans', 8),
(18, 'Joggers', 8),
(19, 'Shorts', 8),
(20, 'T-shirts', 9),
(21, 'Casual Shirts', 9),
(22, 'Formal Shirts', 9),
(23, 'Polo Shirts', 9),
(24, 'Vests', 9),
(25, 'Casual Shoes', 2),
(32, 'Dresses', 7),
(51, 'Sneakers', 6),
(52, 'Sports Shoes', 6),
(53, 'Boots', 6),
(54, 'Comfort Shoes', 6),
(55, 'Slippers & Casual Shoes', 6),
(56, 'Formal Shoes', 2),
(57, 'Belts', 1),
(58, 'Multipacks', 1),
(59, 'Other Accessories', 1);

-- --------------------------------------------------------

--
-- Table structure for table `tbl_faq`
--

CREATE TABLE `tbl_faq` (
  `faq_id` int(11) NOT NULL,
  `faq_title` varchar(255) NOT NULL,
  `faq_content` text NOT NULL
) ENGINE=InnoDB DEFAULT CHARSET=latin1;

--
-- Dumping data for table `tbl_faq`
--

INSERT INTO `tbl_faq` (`faq_id`, `faq_title`, `faq_content`) VALUES
(1, 'How to find an item on TrendHub.com?', '<h3 class=\"checkout-complete-box font-bold txt16\" style=\"box-sizing: inherit; text-rendering: optimizeLegibility; margin: 0.2rem 0px 0.5rem; padding: 0px; line-height: 1.4; background-color: rgb(250, 250, 250);\"><font color=\"#222222\" face=\"opensans, Helvetica Neue, Helvetica, Helvetica, Arial, sans-serif\"><span style=\"font-size: 15.7143px;\">We have a wide range of fabulous products to choose from.</span></font></h3><h3 class=\"checkout-complete-box font-bold txt16\" style=\"box-sizing: inherit; text-rendering: optimizeLegibility; margin: 0.2rem 0px 0.5rem; padding: 0px; line-height: 1.4; background-color: rgb(250, 250, 250);\"><span style=\"font-size: 15.7143px; color: rgb(34, 34, 34); font-family: opensans, \"Helvetica Neue\", Helvetica, Helvetica, Arial, sans-serif;\">Tip 1: If you\'re looking for a specific product, use the keyword search box located at the top of the site. Simply type what you are looking for, and prepare to be amazed!</span></h3><h3 class=\"checkout-complete-box font-bold txt16\" style=\"box-sizing: inherit; text-rendering: optimizeLegibility; margin: 0.2rem 0px 0.5rem; padding: 0px; line-height: 1.4; background-color: rgb(250, 250, 250);\"><font color=\"#222222\" face=\"opensans, Helvetica Neue, Helvetica, Helvetica, Arial, sans-serif\"><span style=\"font-size: 15.7143px;\">Tip 2: If you want to explore a category of products, use the Shop Categories in the upper menu, and navigate through your favorite categories where we\'ll feature the best products in each.</span></font><br><br></h3>\r\n'),
(2, 'What is your return policy?', '<p><span style=\"color: rgb(10, 10, 10); font-family: opensans, &quot;Helvetica Neue&quot;, Helvetica, Helvetica, Arial, sans-serif; font-size: 14px; text-align: center;\">You have 15 days to make a refund request after your order has been delivered.</span><br></p>\r\n'),
(3, ' I received a defective/damaged item, can I get a refund?', '<p>In case the item you received is damaged or defective, you could return an item in the same condition as you received it with the original box and/or packaging intact. Once we receive the returned item, we will inspect it and if the item is found to be defective or damaged, we will process the refund along with any shipping fees incurred.<br></p>\r\n'),
(4, 'When are ‘Returns’ not possible?', '<p class=\"a  \" style=\"box-sizing: inherit; text-rendering: optimizeLegibility; line-height: 1.6; margin-bottom: 0.714286rem; padding: 0px; font-size: 14px; color: rgb(10, 10, 10); font-family: opensans, &quot;Helvetica Neue&quot;, Helvetica, Helvetica, Arial, sans-serif; background-color: rgb(250, 250, 250);\">There are a few certain scenarios where it is difficult for us to support returns:</p><ol style=\"box-sizing: inherit; line-height: 1.6; margin-right: 0px; margin-bottom: 0px; margin-left: 1.25rem; padding: 0px; list-style-position: outside; color: rgb(10, 10, 10); font-family: opensans, &quot;Helvetica Neue&quot;, Helvetica, Helvetica, Arial, sans-serif; font-size: 14px; background-color: rgb(250, 250, 250);\"><li style=\"box-sizing: inherit; margin: 0px; padding: 0px; font-size: inherit;\">Return request is made outside the specified time frame, of 15 days from delivery.</li><li style=\"box-sizing: inherit; margin: 0px; padding: 0px; font-size: inherit;\">Product is used, damaged, or is not in the same condition as you received it.</li><li style=\"box-sizing: inherit; margin: 0px; padding: 0px; font-size: inherit;\">Specific categories like innerwear, lingerie, socks and clothing freebies etc.</li><li style=\"box-sizing: inherit; margin: 0px; padding: 0px; font-size: inherit;\">Defective products which are covered under the manufacturer\'s warranty.</li><li style=\"box-sizing: inherit; margin: 0px; padding: 0px; font-size: inherit;\">Any consumable item which has been used or installed.</li><li style=\"box-sizing: inherit; margin: 0px; padding: 0px; font-size: inherit;\">Products with tampered or missing serial numbers.</li><li style=\"box-sizing: inherit; margin: 0px; padding: 0px; font-size: inherit;\">Anything missing from the package you\'ve received including price tags, labels, original packing, freebies and accessories.</li><li style=\"box-sizing: inherit; margin: 0px; padding: 0px; font-size: inherit;\">Fragile items, hygiene related items.</li></ol>\r\n'),
(5, 'What are the items that cannot be returned?', '<p>The items that can not be returned are:</p><p>Clearance items clearly marked as such and displaying a No-Return Policy<br></p><p>When the offer notes states so specifically are items that cannot be returned.</p><p>Items that fall into the below product types-</p><ul><li>Underwear</li><li>Lingerie</li><li>Socks</li><li>Software</li><li>Music albums</li><li>Books</li><li>Swimwear</li><li>Beauty &amp; Fragrances</li><li>Hosiery</li></ul><p>Also, any consumable items that are used or installed cannot be returned. As outlined in consumer Protection Rights and concerning section on non-returnable items<br></p>');

-- --------------------------------------------------------

--
-- Table structure for table `tbl_language`
--

CREATE TABLE `tbl_language` (
  `lang_id` int(11) NOT NULL,
  `lang_name` varchar(255) NOT NULL,
  `lang_value` text NOT NULL
) ENGINE=MyISAM DEFAULT CHARSET=latin1;

--
-- Dumping data for table `tbl_language`
--

INSERT INTO `tbl_language` (`lang_id`, `lang_name`, `lang_value`) VALUES
(1, 'Currency', 'Rs.'),
(2, 'Search Product', 'Search Product'),
(3, 'Search', 'Search'),
(4, 'Submit', 'Submit'),
(5, 'Update', 'Update'),
(6, 'Read More', 'Read More'),
(7, 'Serial', 'Serial'),
(8, 'Photo', 'Photo'),
(9, 'Login', 'Login'),
(10, 'Customer Login', 'Customer Login'),
(11, 'Click here to login', 'Click here to login'),
(12, 'Back to Login Page', 'Back to Login Page'),
(13, 'Logged in as', 'Logged in as'),
(14, 'Logout', 'Logout'),
(15, 'Register', 'Register'),
(16, 'Customer Registration', 'Customer Registration'),
(17, 'Registration Successful', 'Registration Successful'),
(18, 'Cart', 'Cart'),
(19, 'View Cart', 'View Cart'),
(20, 'Update Cart', 'Update Cart'),
(21, 'Back to Cart', 'Back to Cart'),
(22, 'Checkout', 'Checkout'),
(23, 'Proceed to Checkout', 'Proceed to Checkout'),
(24, 'Orders', 'Orders'),
(25, 'Order History', 'Order History'),
(26, 'Order Details', 'Order Details'),
(27, 'Payment Date and Time', 'Payment Date and Time'),
(28, 'Transaction ID', 'Transaction ID'),
(29, 'Paid Amount', 'Paid Amount'),
(30, 'Payment Status', 'Payment Status'),
(31, 'Payment Method', 'Payment Method'),
(32, 'Payment ID', 'Payment ID'),
(33, 'Payment Section', 'Payment Section'),
(34, 'Select Payment Method', 'Select Payment Method'),
(35, 'Select a Method', 'Select a Method'),
(36, 'PayPal', 'PayPal'),
(37, 'Stripe', 'Stripe'),
(38, 'Bank Deposit', 'Bank Deposit'),
(39, 'Card Number', 'Card Number'),
(40, 'CVV', 'CVV'),
(41, 'Month', 'Month'),
(42, 'Year', 'Year'),
(43, 'Send to this Details', 'Send to this Details'),
(44, 'Transaction Information', 'Transaction Information'),
(45, 'Include transaction id and other information correctly', 'Include transaction id and other information correctly'),
(46, 'Pay Now', 'Pay Now'),
(47, 'Product Name', 'Product Name'),
(48, 'Product Details', 'Product Details'),
(49, 'Categories', 'Categories'),
(50, 'Category:', 'Category:'),
(51, 'All Products Under', 'All Products Under'),
(52, 'Select Size', 'Select Size'),
(53, 'Select Color', 'Select Color'),
(54, 'Product Price', 'Product Price'),
(55, 'Quantity', 'Quantity'),
(56, 'Out of Stock', 'Out of Stock'),
(57, 'Share This', 'Share This'),
(58, 'Share This Product', 'Share This Product'),
(59, 'Product Description', 'Product Description'),
(60, 'Features', 'Features'),
(61, 'Conditions', 'Conditions'),
(62, 'Return Policy', 'Return Policy'),
(63, 'Reviews', 'Reviews'),
(64, 'Review', 'Review'),
(65, 'Give a Review', 'Give a Review'),
(66, 'Write your comment (Optional)', 'Write your comment (Optional)'),
(67, 'Submit Review', 'Submit Review'),
(68, 'You already have given a rating!', 'You already have given a rating!'),
(69, 'You must have to login to give a review', 'You must have to login to give a review'),
(70, 'No description found', 'No description found'),
(71, 'No feature found', 'No feature found'),
(72, 'No condition found', 'No condition found'),
(73, 'No return policy found', 'No return policy found'),
(74, 'No Review is Found', 'No Review is Found'),
(75, 'Customer Name', 'Customer Name'),
(76, 'Comment', 'Comment'),
(77, 'Comments', 'Comments'),
(78, 'Rating', 'Rating'),
(79, 'Previous', 'Previous'),
(80, 'Next', 'Next'),
(81, 'Sub Total', 'Sub Total'),
(82, 'Total', 'Total'),
(83, 'Action', 'Action'),
(84, 'Shipping Cost', 'Shipping Cost'),
(85, 'Continue Shipping', 'Continue Shipping'),
(86, 'Update Billing Address', 'Update Billing Address'),
(87, 'Update Shipping Address', 'Update Shipping Address'),
(88, 'Update Billing and Shipping Info', 'Update Billing and Shipping Info'),
(89, 'Dashboard', 'Dashboard'),
(90, 'Welcome to the Dashboard', 'Welcome to the Dashboard'),
(91, 'Back to Dashboard', 'Back to Dashboard'),
(92, 'Subscribe', 'Subscribe'),
(93, 'Subscribe To Our Newsletter', 'Subscribe To Our Newsletter'),
(94, 'Email Address', 'Email Address'),
(95, 'Enter Your Email Address', 'Enter Your Email Address'),
(96, 'Password', 'Password'),
(97, 'Forget Password', 'Forget Password'),
(98, 'Retype Password', 'Retype Password'),
(99, 'Update Password', 'Update Password'),
(100, 'New Password', 'New Password'),
(101, 'Retype New Password', 'Retype New Password'),
(102, 'Full Name', 'Full Name'),
(103, 'Company Name', 'Company Name'),
(104, 'Phone Number', 'Phone Number'),
(105, 'Address', 'Address'),
(106, 'Country', 'Country'),
(107, 'City', 'City'),
(108, 'State', 'State'),
(109, 'Zip Code', 'Zip Code'),
(110, 'About Us', 'About Us'),
(111, 'Featured Posts', 'Featured Posts'),
(112, 'Popular Posts', 'Popular Posts'),
(113, 'Recent Posts', 'Recent Posts'),
(114, 'Contact Information', 'Contact Information'),
(115, 'Contact Form', 'Contact Form'),
(116, 'Our Office', 'Our Office'),
(117, 'Update Profile', 'Update Profile'),
(118, 'Send Message', 'Send Message'),
(119, 'Message', 'Message'),
(120, 'Find Us On Map', 'Find Us On Map'),
(121, 'Congratulation! Payment is successful.', 'Congratulation! Payment is successful.'),
(122, 'Billing and Shipping Information is updated successfully.', 'Billing and Shipping Information is updated successfully.'),
(123, 'Customer Name can not be empty.', 'Customer Name can not be empty.'),
(124, 'Phone Number can not be empty.', 'Phone Number can not be empty.'),
(125, 'Address can not be empty.', 'Address can not be empty.'),
(126, 'You must have to select a country.', 'You must have to select a country.'),
(127, 'City can not be empty.', 'City can not be empty.'),
(128, 'State can not be empty.', 'State can not be empty.'),
(129, 'Zip Code can not be empty.', 'Zip Code can not be empty.'),
(130, 'Profile Information is updated successfully.', 'Profile Information is updated successfully.'),
(131, 'Email Address can not be empty', 'Email Address can not be empty'),
(132, 'Email and/or Password can not be empty.', 'Email and/or Password can not be empty.'),
(133, 'Email Address does not match.', 'Email Address does not match.'),
(134, 'Email address must be valid.', 'Email address must be valid.'),
(135, 'You email address is not found in our system.', 'You email address is not found in our system.'),
(136, 'Please check your email and confirm your subscription.', 'Please check your email and confirm your subscription.'),
(137, 'Your email is verified successfully. You can now login to our website.', 'Your email is verified successfully. You can now login to our website.'),
(138, 'Password can not be empty.', 'Password can not be empty.'),
(139, 'Passwords do not match.', 'Passwords do not match.'),
(140, 'Please enter new and retype passwords.', 'Please enter new and retype passwords.'),
(141, 'Password is updated successfully.', 'Password is updated successfully.'),
(142, 'To reset your password, please click on the link below.', 'To reset your password, please click on the link below.'),
(143, 'PASSWORD RESET REQUEST - YOUR WEBSITE.COM', 'PASSWORD RESET REQUEST - YOUR WEBSITE.COM'),
(144, 'The password reset email time (24 hours) has expired. Please again try to reset your password.', 'The password reset email time (24 hours) has expired. Please again try to reset your password.'),
(145, 'A confirmation link is sent to your email address. You will get the password reset information in there.', 'A confirmation link is sent to your email address. You will get the password reset information in there.'),
(146, 'Password is reset successfully. You can now login.', 'Password is reset successfully. You can now login.'),
(147, 'Email Address Already Exists', 'Email Address Already Exists.'),
(148, 'Sorry! Your account is inactive. Please contact to the administrator.', 'Sorry! Your account is inactive. Please contact to the administrator.'),
(149, 'Change Password', 'Change Password'),
(150, 'Registration Email Confirmation for YOUR WEBSITE', 'Registration Email Confirmation for YOUR WEBSITE.'),
(151, 'Thank you for your registration! Your account has been created. To active your account click on the link below:', 'Thank you for your registration! Your account has been created. To active your account click on the link below:'),
(152, 'Your registration is completed. Please check your email address to follow the process to confirm your registration.', 'Your registration is completed. Please check your email address to follow the process to confirm your registration.'),
(153, 'No Product Found', 'No Product Found'),
(154, 'Add to Cart', 'Add to Cart'),
(155, 'Related Products', 'Related Products'),
(156, 'See all related products from below', 'See all the related products from below'),
(157, 'Size', 'Size'),
(158, 'Color', 'Color'),
(159, 'Price', 'Price'),
(160, 'Please login as customer to checkout', 'Please login as customer to checkout'),
(161, 'Billing Address', 'Billing Address'),
(162, 'Shipping Address', 'Shipping Address'),
(163, 'Rating is Submitted Successfully!', 'Rating is Submitted Successfully!');

-- --------------------------------------------------------

--
-- Table structure for table `tbl_mid_category`
--

CREATE TABLE `tbl_mid_category` (
  `mcat_id` int(11) NOT NULL,
  `mcat_name` varchar(255) NOT NULL,
  `tcat_id` int(11) NOT NULL
) ENGINE=InnoDB DEFAULT CHARSET=latin1;

--
-- Dumping data for table `tbl_mid_category`
--

INSERT INTO `tbl_mid_category` (`mcat_id`, `mcat_name`, `tcat_id`) VALUES
(1, 'Men Accessories', 1),
(2, 'Men\'s Shoes', 1),
(3, 'Beauty Products', 2),
(6, 'Shoes', 2),
(7, 'Clothing', 2),
(8, 'Bottoms', 1),
(9, 'T-shirts & Shirts', 1),
(13, 'T-Shirts', 4);

-- --------------------------------------------------------

--
-- Table structure for table `tbl_order`
--

CREATE TABLE `tbl_order` (
  `id` int(11) NOT NULL,
  `product_id` int(11) NOT NULL,
  `product_name` varchar(255) NOT NULL,
  `size` varchar(100) NOT NULL,
  `color` varchar(100) NOT NULL,
  `quantity` varchar(50) NOT NULL,
  `unit_price` varchar(50) NOT NULL,
  `payment_id` varchar(255) NOT NULL
) ENGINE=InnoDB DEFAULT CHARSET=utf8mb4;

--
-- Dumping data for table `tbl_order`
--

INSERT INTO `tbl_order` (`id`, `product_id`, `product_name`, `size`, `color`, `quantity`, `unit_price`, `payment_id`) VALUES
(50, 81, 'Black Wool Beanie & Bobble Hat For Unisex', '', 'Black', '1', '1', '1524666526'),
(52, 84, 'Men\'s Grey This Is The Way Graphic Printed Oversized T-shirt', 'XS', 'Gray', '1', '500', '1685910305');

-- --------------------------------------------------------

--
-- Table structure for table `tbl_page`
--

CREATE TABLE `tbl_page` (
  `id` int(11) NOT NULL,
  `about_title` varchar(255) NOT NULL,
  `about_content` text NOT NULL,
  `about_banner` varchar(255) NOT NULL,
  `about_meta_title` varchar(255) NOT NULL,
  `about_meta_keyword` text NOT NULL,
  `about_meta_description` text NOT NULL,
  `faq_title` varchar(255) NOT NULL,
  `faq_banner` varchar(255) NOT NULL,
  `faq_meta_title` varchar(255) NOT NULL,
  `faq_meta_keyword` text NOT NULL,
  `faq_meta_description` text NOT NULL,
  `blog_title` varchar(255) NOT NULL,
  `blog_banner` varchar(255) NOT NULL,
  `blog_meta_title` varchar(255) NOT NULL,
  `blog_meta_keyword` text NOT NULL,
  `blog_meta_description` text NOT NULL,
  `contact_title` varchar(255) NOT NULL,
  `contact_banner` varchar(255) NOT NULL,
  `contact_meta_title` varchar(255) NOT NULL,
  `contact_meta_keyword` text NOT NULL,
  `contact_meta_description` text NOT NULL,
  `pgallery_title` varchar(255) NOT NULL,
  `pgallery_banner` varchar(255) NOT NULL,
  `pgallery_meta_title` varchar(255) NOT NULL,
  `pgallery_meta_keyword` text NOT NULL,
  `pgallery_meta_description` text NOT NULL,
  `vgallery_title` varchar(255) NOT NULL,
  `vgallery_banner` varchar(255) NOT NULL,
  `vgallery_meta_title` varchar(255) NOT NULL,
  `vgallery_meta_keyword` text NOT NULL,
  `vgallery_meta_description` text NOT NULL
) ENGINE=InnoDB DEFAULT CHARSET=latin1;

--
-- Dumping data for table `tbl_page`
--

INSERT INTO `tbl_page` (`id`, `about_title`, `about_content`, `about_banner`, `about_meta_title`, `about_meta_keyword`, `about_meta_description`, `faq_title`, `faq_banner`, `faq_meta_title`, `faq_meta_keyword`, `faq_meta_description`, `blog_title`, `blog_banner`, `blog_meta_title`, `blog_meta_keyword`, `blog_meta_description`, `contact_title`, `contact_banner`, `contact_meta_title`, `contact_meta_keyword`, `contact_meta_description`, `pgallery_title`, `pgallery_banner`, `pgallery_meta_title`, `pgallery_meta_keyword`, `pgallery_meta_description`, `vgallery_title`, `vgallery_banner`, `vgallery_meta_title`, `vgallery_meta_keyword`, `vgallery_meta_description`) VALUES
(1, 'About Us', '<p style=\"text-align: justify; \"><font face=\"apercu, Arial, sans-serif\"><span style=\"font-size: 14px;\"><b>TrendHub.com</b> has made you shine on your special days for beautiful peoples. Our goal has always been to celebrate YOU! To get the best in you we brought a huge collection whether you are attending a party, wedding, and all those events that require a WOW dress.</span></font></p><p style=\"text-align: justify; \"><font face=\"apercu, Arial, sans-serif\"><span style=\"font-size: 14px;\"><b>About Us</b></span></font></p><p style=\"text-align: justify; \"><span style=\"font-family: apercu, Arial, sans-serif; font-size: 14px; font-weight: 700;\">TrendHub.com</span><font face=\"apercu, Arial, sans-serif\"><span style=\"font-size: 14px;\">&nbsp;is a new fashion shopping site which brings trendy fashion products at addictive prices. We feel fashion is not what you wear but how you feel, so Keeping this in mind, we brought you the designer wear clothing comprising a wide range of designs, style and prints to meet your every mood, whim and fancy.</span></font></p><p style=\"text-align: justify; \"><span style=\"font-size: 14px; font-family: apercu, Arial, sans-serif;\"><b>Our Vision</b></span><br></p><p style=\"text-align: justify; \"><span style=\"font-size: 14px; font-family: apercu, Arial, sans-serif;\">Our vision is to an introduce the beauty in you with your beautiful smile to the world with the best online shopping experience. We have the handpicked collection of clothes for women to suit them based on their body type, skin tone, budget and style preferences. We aim to bring our customers a wholesome real time trendy shopping experience, providing them with all the information they need regarding fit, comfort, fabric and everything else on their mind for each and every product in our collections, through size charts. Also, includes introducing new designs, styles and categories along with all the fashion happening.</span><br></p><p style=\"text-align: justify; \"><span style=\"font-weight: 700; font-family: apercu, Arial, sans-serif; font-size: 14px;\">Why TrendHub.com</span><font face=\"apercu, Arial, sans-serif\"><span style=\"font-size: 14px;\">?</span></font></p><p style=\"text-align: justify; \"><span style=\"font-family: apercu, Arial, sans-serif; font-size: 14px; font-weight: 700;\">TrendHub.com</span><font face=\"apercu, Arial, sans-serif\"><span style=\"font-size: 14px;\">&nbsp;</span></font></p><p style=\"text-align: justify; \"><font face=\"apercu, Arial, sans-serif\"><span style=\"font-size: 14px;\">We make sure you get the best quality outfits with hassle free returns and exchanges policy. We ensure what you see is exactly what you get!</span></font></p><ul><li style=\"text-align: justify;\"><font face=\"apercu, Arial, sans-serif\"><span style=\"font-size: 14px;\">Low Price Guarantee</span></font></li><li style=\"text-align: justify;\"><font face=\"apercu, Arial, sans-serif\"><span style=\"font-size: 14px;\">If you find a lower price on any dress we carry online, we will match it!</span></font></li><li style=\"text-align: justify;\"><font face=\"apercu, Arial, sans-serif\"><span style=\"font-size: 14px;\">24/7 Customer Support</span></font></li><li style=\"text-align: justify;\"><font face=\"apercu, Arial, sans-serif\"><span style=\"font-size: 14px;\">E-Mail, Text, Call</span></font></li><li style=\"text-align: justify;\"><font face=\"apercu, Arial, sans-serif\"><span style=\"font-size: 14px;\">We are here for you 24/7 online and via phone.</span></font></li><li style=\"text-align: justify;\"><font face=\"apercu, Arial, sans-serif\"><span style=\"font-size: 14px;\">Sizing &amp; Color</span></font></li><li style=\"text-align: justify;\"><font face=\"apercu, Arial, sans-serif\"><span style=\"font-size: 14px;\">We carry an array of colors and sizes.</span></font></li><li style=\"text-align: justify;\"><font face=\"apercu, Arial, sans-serif\"><span style=\"font-size: 14px;\">Worldwide Shipping</span></font></li><li style=\"text-align: justify;\"><font face=\"apercu, Arial, sans-serif\"><span style=\"font-size: 14px;\">Unfortunately, No. We are providing our service only throughout India.</span></font></li><li style=\"text-align: justify;\"><font face=\"apercu, Arial, sans-serif\"><span style=\"font-size: 14px;\">We and love to expand our business Internationally soon.</span></font></li><li style=\"text-align: justify;\"><font face=\"apercu, Arial, sans-serif\"><span style=\"font-size: 14px;\">Easy Returns</span></font></li></ul><p style=\"text-align: justify; \"><font face=\"apercu, Arial, sans-serif\"><span style=\"font-size: 14px;\">Bought an outfit but want to return it? We have a 3 days easy return policy. Please mail us at support@TrendHub.com for more details.</span></font></p><p style=\"text-align: justify; \"><font face=\"apercu, Arial, sans-serif\"><span style=\"font-size: 14px;\"><b>Dream Dresses for Every Occasion</b></span></font></p><p style=\"text-align: justify; \"><font face=\"apercu, Arial, sans-serif\"><span style=\"font-size: 14px;\">TrendHub.com carries all carefully handpicked by our stylists. If you are interested in a particular model please mail us we will try our best to offer you the loved dress.</span></font></p><p style=\"text-align: justify; \"><font face=\"apercu, Arial, sans-serif\"><span style=\"font-size: 14px;\"><b>Verified Security</b></span></font></p><p style=\"text-align: justify; \"><font face=\"apercu, Arial, sans-serif\"><span style=\"font-size: 14px;\">All our transactions are Verified by Norton and with the highest standards of security Plus, there is a lot to go around too through regular exciting offers and gifts, so spread the word and refer us to everyone from your family, friends and colleagues and get rewarded for it. And to top it all, you can share your user experience by posting reviews. Don\'t wait any longer Sign up with us now! start stalking, start buying and start loving and start Introducing the beauty in you.</span></font></p>\r\n', 'about-banner.jpg', 'TrendHub.com - About Us', 'About, About us, About fashion, About company, About TrendHub', 'TrendHub.com has made you shine on your special days for beautiful peoples. Our goal has always been to celebrate YOU! To get the best in you we brought a huge collection whether you are attending a party, wedding, and all those events that require a WOW dress.', 'FAQ', 'faq-banner.jpg', 'TrendHub.com - FAQ', '', '', 'Blog', 'blog-banner.jpg', 'Ecommerce - Blog', '', '', 'Contact Us', 'contact-banner.jpg', 'TrendHub.com - Contact', '', '', 'Photo Gallery', 'pgallery-banner.jpg', 'Ecommerce - Photo Gallery', '', '', 'Video Gallery', 'vgallery-banner.jpg', 'Ecommerce - Video Gallery', '', '');

-- --------------------------------------------------------

--
-- Table structure for table `tbl_payment`
--

CREATE TABLE `tbl_payment` (
  `id` int(11) NOT NULL,
  `customer_id` int(11) NOT NULL,
  `customer_name` varchar(255) NOT NULL,
  `customer_email` varchar(255) NOT NULL,
  `payment_date` varchar(50) NOT NULL,
  `txnid` varchar(255) NOT NULL,
  `paid_amount` int(11) NOT NULL,
  `card_number` varchar(50) NOT NULL,
  `card_cvv` varchar(10) NOT NULL,
  `card_month` varchar(10) NOT NULL,
  `card_year` varchar(10) NOT NULL,
  `bank_transaction_info` text NOT NULL,
  `payment_method` varchar(20) NOT NULL,
  `payment_status` varchar(25) NOT NULL,
  `shipping_status` varchar(20) NOT NULL,
  `payment_id` varchar(255) NOT NULL
) ENGINE=MyISAM DEFAULT CHARSET=utf8mb4;

--
-- Dumping data for table `tbl_payment`
--

INSERT INTO `tbl_payment` (`id`, `customer_id`, `customer_name`, `customer_email`, `payment_date`, `txnid`, `paid_amount`, `card_number`, `card_cvv`, `card_month`, `card_year`, `bank_transaction_info`, `payment_method`, `payment_status`, `shipping_status`, `payment_id`) VALUES
(45, 5, 'Hammad Hassan', 'mc170200216@vu.edu.pk', '2018-04-24 15:07:35', '', 46, '', '', '', '', 'Bank Deposit Information\r\n', 'Bank Deposit', 'Completed', 'Completed', '1524568055'),
(46, 5, 'Hammad Hassan', 'mc170200216@vu.edu.pk', '2018-04-25 18:28:46', '', 1, '', '', '', '', '', 'PayPal', 'Completed', 'Completed', '1524666526'),
(48, 14, 'Rehan Khan', 'rkhan860555@gmail.com', '2023-06-05 01:55:05', '', 550, '', '', '', '', 'lih32e23ueg23', 'Bank Deposit', 'Completed', 'Completed', '1685910305');

-- --------------------------------------------------------

--
-- Table structure for table `tbl_photo`
--

CREATE TABLE `tbl_photo` (
  `id` int(11) NOT NULL,
  `caption` varchar(255) NOT NULL,
  `photo` varchar(255) NOT NULL
) ENGINE=InnoDB DEFAULT CHARSET=latin1;

--
-- Dumping data for table `tbl_photo`
--

INSERT INTO `tbl_photo` (`id`, `caption`, `photo`) VALUES
(1, 'Photo 1', 'photo-1.jpg'),
(2, 'Photo 2', 'photo-2.jpg'),
(3, 'Photo 3', 'photo-3.jpg'),
(4, 'Photo 4', 'photo-4.jpg'),
(5, 'Photo 5', 'photo-5.jpg'),
(6, 'Photo 6', 'photo-6.jpg');

-- --------------------------------------------------------

--
-- Table structure for table `tbl_product`
--

CREATE TABLE `tbl_product` (
  `p_id` int(11) NOT NULL,
  `p_name` varchar(255) NOT NULL,
  `p_old_price` varchar(10) NOT NULL,
  `p_current_price` varchar(10) NOT NULL,
  `p_qty` int(10) NOT NULL,
  `p_featured_photo` varchar(255) NOT NULL,
  `p_description` text NOT NULL,
  `p_short_description` text NOT NULL,
  `p_feature` text NOT NULL,
  `p_condition` text NOT NULL,
  `p_return_policy` text NOT NULL,
  `p_total_view` int(11) NOT NULL,
  `p_is_featured` int(1) NOT NULL,
  `p_is_active` int(1) NOT NULL,
  `ecat_id` int(11) NOT NULL
) ENGINE=InnoDB DEFAULT CHARSET=latin1;

--
-- Dumping data for table `tbl_product`
--

INSERT INTO `tbl_product` (`p_id`, `p_name`, `p_old_price`, `p_current_price`, `p_qty`, `p_featured_photo`, `p_description`, `p_short_description`, `p_feature`, `p_condition`, `p_return_policy`, `p_total_view`, `p_is_featured`, `p_is_active`, `ecat_id`) VALUES
(81, 'Black Wool Beanie & Bobble Hat For Unisex', '10', '1', 9, 'product-featured-81.jpg', '<p>These Soft Knit Cap is a warm and comfortable choice.&nbsp;</p><p>Soft material will make you feel so comfortable and will make you look so special in the crowd .</p><p>This Men\'s Soft Lined Thick Knit Cap Warm Winter beanies Hat with Fully lined it warmth and comfort, very soft.</p>', '<p>These Soft Knit Cap is a warm and comfortable choice.&nbsp;</p><p>Soft material will make you feel so comfortable and will make you look so special in the crowd .</p><p>This Men\'s Soft Lined Thick Knit Cap Warm Winter beanies Hat with Fully lined it warmth and comfort, very soft.</p>', '<p>These Soft Knit Cap is a warm and comfortable choice.&nbsp;</p><p>Soft material will make you feel so comfortable and will make you look so special in the crowd .</p><p>This Men\'s Soft Lined Thick Knit Cap Warm Winter beanies Hat with Fully lined it warmth and comfort, very soft.</p>', '<p>Fashionys.com Standard Terms &amp; Conditions</p>', '<p>Fashionys.com Standard Return Policy<br></p>', 20, 1, 1, 1),
(82, 'T-shirt', '300', '200', 10, 'product-featured-82.jpg', '', '', '', '', '', 4, 1, 1, 20),
(83, 'Men\'s Purple Killer Mode Graphic Printed Oversized T-shirt', '500', '400', 20, 'product-featured-83.png', '<h1 id=\"testProName\" class=\"col-xs-12 col-sm-12 noPd productName\" style=\"font-size: 14px; margin-top: 0px; margin-bottom: 2px; padding-right: 0px; padding-bottom: 0px; padding-left: 0px; border: 0px; outline: 0px; vertical-align: baseline; background-image: initial; background-position: initial; background-size: initial; background-repeat: initial; background-attachment: initial; background-origin: initial; background-clip: initial; width: 460px; font-family: montserrat-regular, sans-serif; line-height: 20px; color: rgba(0, 0, 0, 0.7); padding-top: 8px !important;\"><span style=\"color: rgb(96, 96, 96); font-family: montserrat, sans-serif; font-size: 12px;\">Men\'s Purple Killer Mode Graphic Printed Oversized T-shirt</span><br style=\"color: rgb(96, 96, 96); font-family: montserrat, sans-serif; font-size: 12px;\"><span style=\"font-weight: 700; margin: 0px; padding: 0px; border: 0px; outline: 0px; font-size: 12px; vertical-align: baseline; background-image: initial; background-position: initial; background-size: initial; background-repeat: initial; background-attachment: initial; background-origin: initial; background-clip: initial; color: rgb(96, 96, 96); font-family: montserrat-bold, sans-serif;\">Country of Origin - </span><span style=\"color: rgb(96, 96, 96); font-family: montserrat, sans-serif; font-size: 12px;\">India</span><br style=\"color: rgb(96, 96, 96); font-family: montserrat, sans-serif; font-size: 12px;\"><span style=\"font-weight: 700; margin: 0px; padding: 0px; border: 0px; outline: 0px; font-size: 12px; vertical-align: baseline; background-image: initial; background-position: initial; background-size: initial; background-repeat: initial; background-attachment: initial; background-origin: initial; background-clip: initial; color: rgb(96, 96, 96); font-family: montserrat-bold, sans-serif;\">Commodity - </span><span style=\"color: rgb(96, 96, 96); font-family: montserrat, sans-serif; font-size: 12px;\">Men\'s T-Shirt</span><br></h1>', '', '<ul class=\"ml-3\" style=\"margin-right: 0px; margin-bottom: 0px; padding: 0px; border: 0px; outline: 0px; font-size: 12px; vertical-align: baseline; background-image: initial; background-position: initial; background-size: initial; background-repeat: initial; background-attachment: initial; background-origin: initial; background-clip: initial; margin-block: 0px; padding-inline-start: 0px; color: rgb(96, 96, 96); font-family: montserrat, sans-serif; margin-left: 1rem !important;\"><li class=\"mb-2\" style=\"margin-top: 0px; margin-right: 0px; margin-left: 0px; padding: 0px; border: 0px; outline: 0px; vertical-align: baseline; background: transparent; line-height: 1.25; margin-bottom: 0.5rem !important;\">Oversized fit - Super Loose On Body Thoda Hawa Aane De</li><li class=\"mb-2\" style=\"margin-top: 0px; margin-right: 0px; margin-left: 0px; padding: 0px; border: 0px; outline: 0px; vertical-align: baseline; background: transparent; line-height: 1.25; margin-bottom: 0.5rem !important;\">Single Jersey, 100% Cotton Classic, lightweight jersey fabric comprising 100% cotton.</li></ul>', '', '<p><span style=\"color: rgb(96, 96, 96); font-family: montserrat, sans-serif; font-size: 12px;\">Easy returns upto 15 days of delivery. Exchange available on select pincodes</span><br></p>', 11, 1, 1, 20),
(84, 'Men\'s Grey This Is The Way Graphic Printed Oversized T-shirt', '600', '500', 9, 'product-featured-84.png', '<p><span style=\"color: rgb(96, 96, 96); font-family: montserrat, sans-serif; font-size: 12px;\">With your Mando armour, a witty quote and This Is The Way Men\'s Oversized T-shirt, you\'ll be unstoppable! Pair this Official Star Wars grey t-shirt with joggers, sneakers and a funky cap for a smart-casual look.</span><br style=\"color: rgb(96, 96, 96); font-family: montserrat, sans-serif; font-size: 12px;\"><span style=\"font-weight: 700; margin: 0px; padding: 0px; border: 0px; outline: 0px; font-size: 12px; vertical-align: baseline; background-image: initial; background-position: initial; background-size: initial; background-repeat: initial; background-attachment: initial; background-origin: initial; background-clip: initial; color: rgb(96, 96, 96); font-family: montserrat-bold, sans-serif;\">Country of Origin - </span><span style=\"color: rgb(96, 96, 96); font-family: montserrat, sans-serif; font-size: 12px;\">India</span><br style=\"color: rgb(96, 96, 96); font-family: montserrat, sans-serif; font-size: 12px;\"><br style=\"color: rgb(96, 96, 96); font-family: montserrat, sans-serif; font-size: 12px;\"><span style=\"font-weight: 700; margin: 0px; padding: 0px; border: 0px; outline: 0px; font-size: 12px; vertical-align: baseline; background-image: initial; background-position: initial; background-size: initial; background-repeat: initial; background-attachment: initial; background-origin: initial; background-clip: initial; color: rgb(96, 96, 96); font-family: montserrat-bold, sans-serif;\">Commodity - </span><span style=\"color: rgb(96, 96, 96); font-family: montserrat, sans-serif; font-size: 12px;\">Men\'s T-Shirt</span><br></p>', '', '<ul class=\"ml-3\" style=\"margin-right: 0px; margin-bottom: 0px; padding: 0px; border: 0px; outline: 0px; font-size: 12px; vertical-align: baseline; background-image: initial; background-position: initial; background-size: initial; background-repeat: initial; background-attachment: initial; background-origin: initial; background-clip: initial; margin-block: 0px; padding-inline-start: 0px; color: rgb(96, 96, 96); font-family: montserrat, sans-serif; margin-left: 1rem !important;\"><li class=\"mb-2\" style=\"margin-top: 0px; margin-right: 0px; margin-left: 0px; padding: 0px; border: 0px; outline: 0px; vertical-align: baseline; background: transparent; line-height: 1.25; margin-bottom: 0.5rem !important;\">Oversized fit - Super Loose On Body Thoda Hawa Aane De</li><li class=\"mb-2\" style=\"margin-top: 0px; margin-right: 0px; margin-left: 0px; padding: 0px; border: 0px; outline: 0px; vertical-align: baseline; background: transparent; line-height: 1.25; margin-bottom: 0.5rem !important;\">Single Jersey, 100% Cotton Classic, lightweight jersey fabric comprising 100% cotton.</li></ul>', '', '<h1 id=\"testProName\" class=\"col-xs-12 col-sm-12 noPd productName\" style=\"font-size: 14px; margin-top: 0px; margin-bottom: 2px; padding-right: 0px; padding-bottom: 0px; padding-left: 0px; border: 0px; outline: 0px; vertical-align: baseline; background-image: initial; background-position: initial; background-size: initial; background-repeat: initial; background-attachment: initial; background-origin: initial; background-clip: initial; width: 460px; font-family: montserrat-regular, sans-serif; line-height: 20px; color: rgba(0, 0, 0, 0.7); padding-top: 8px !important;\">Men\'s Grey This Is The Way Graphic Printed Oversized T-shirt</h1>', 10, 1, 1, 20),
(85, 'Men\'s Black Striped Slim Fit Shirt', '800', '700', 10, 'product-featured-85.png', '<p><span style=\"color: rgb(96, 96, 96); font-family: montserrat, sans-serif; font-size: 12px;\">Spruce up your look with this handsome shirt from SHOWOFF. When you\'re hanging out with friends, you\'ll win the style game by putting this piece with a cardigan and sneakers.</span><br style=\"color: rgb(96, 96, 96); font-family: montserrat, sans-serif; font-size: 12px;\"><span style=\"font-weight: 700; margin: 0px; padding: 0px; border: 0px; outline: 0px; font-size: 12px; vertical-align: baseline; background-image: initial; background-position: initial; background-size: initial; background-repeat: initial; background-attachment: initial; background-origin: initial; background-clip: initial; color: rgb(96, 96, 96); font-family: montserrat-bold, sans-serif;\">Country of Origin - </span><span style=\"color: rgb(96, 96, 96); font-family: montserrat, sans-serif; font-size: 12px;\">India</span></p><p><span style=\"font-weight: 700; margin: 0px; padding: 0px; border: 0px; outline: 0px; font-size: 12px; vertical-align: baseline; background-image: initial; background-position: initial; background-size: initial; background-repeat: initial; background-attachment: initial; background-origin: initial; background-clip: initial; color: rgb(96, 96, 96); font-family: montserrat-bold, sans-serif;\">Commodity - </span><span style=\"color: rgb(96, 96, 96); font-family: montserrat, sans-serif; font-size: 12px;\">Men\'s Shirt</span><br style=\"color: rgb(96, 96, 96); font-family: montserrat, sans-serif; font-size: 12px;\"><span style=\"font-weight: 700; margin: 0px; padding: 0px; border: 0px; outline: 0px; font-size: 12px; vertical-align: baseline; background-image: initial; background-position: initial; background-size: initial; background-repeat: initial; background-attachment: initial; background-origin: initial; background-clip: initial; color: rgb(96, 96, 96); font-family: montserrat-bold, sans-serif;\">Sold By - </span><span style=\"color: rgb(96, 96, 96); font-family: montserrat, sans-serif; font-size: 12px;\">Next Tree Private Limited</span><span style=\"color: rgb(96, 96, 96); font-family: montserrat, sans-serif; font-size: 12px;\"><br></span><br style=\"color: rgb(96, 96, 96); font-family: montserrat, sans-serif; font-size: 12px;\"></p>', '', '<ul class=\"ml-3\" style=\"margin-right: 0px; margin-bottom: 0px; padding: 0px; border: 0px; outline: 0px; font-size: 12px; vertical-align: baseline; background-image: initial; background-position: initial; background-size: initial; background-repeat: initial; background-attachment: initial; background-origin: initial; background-clip: initial; margin-block: 0px; padding-inline-start: 0px; color: rgb(96, 96, 96); font-family: montserrat, sans-serif; margin-left: 1rem !important;\"><li class=\"mb-2\" style=\"margin-top: 0px; margin-right: 0px; margin-left: 0px; padding: 0px; border: 0px; outline: 0px; vertical-align: baseline; background: transparent; line-height: 1.25; margin-bottom: 0.5rem !important;\">Slim fit - Fits close to the body</li><li class=\"mb-2\" style=\"margin-top: 0px; margin-right: 0px; margin-left: 0px; padding: 0px; border: 0px; outline: 0px; vertical-align: baseline; background: transparent; line-height: 1.25; margin-bottom: 0.5rem !important;\">100% Cotton Made with top-quality lightweight fabric- it\'s airy, highly absorbent & sturdy.</li></ul>', '', '<p><span style=\"color: rgb(96, 96, 96); font-family: montserrat, sans-serif; font-size: 12px;\">Easy returns upto 15 days of delivery.</span><br></p>', 3, 1, 1, 21);

-- --------------------------------------------------------

--
-- Table structure for table `tbl_product_color`
--

CREATE TABLE `tbl_product_color` (
  `id` int(11) NOT NULL,
  `color_id` int(11) NOT NULL,
  `p_id` int(11) NOT NULL
) ENGINE=InnoDB DEFAULT CHARSET=latin1;

--
-- Dumping data for table `tbl_product_color`
--

INSERT INTO `tbl_product_color` (`id`, `color_id`, `p_id`) VALUES
(69, 1, 4),
(70, 4, 4),
(77, 6, 6),
(82, 2, 12),
(83, 9, 13),
(84, 3, 14),
(85, 2, 15),
(86, 6, 15),
(87, 3, 16),
(88, 3, 17),
(89, 2, 18),
(90, 3, 19),
(91, 1, 20),
(92, 8, 21),
(93, 2, 22),
(94, 2, 23),
(95, 2, 25),
(96, 5, 26),
(97, 2, 27),
(98, 4, 27),
(99, 5, 28),
(100, 7, 29),
(101, 10, 30),
(102, 11, 31),
(103, 14, 32),
(105, 2, 34),
(106, 1, 35),
(107, 3, 36),
(109, 6, 38),
(110, 2, 39),
(111, 11, 42),
(149, 3, 10),
(150, 6, 9),
(151, 3, 8),
(152, 7, 7),
(168, 2, 81),
(170, 1, 82),
(176, 17, 84),
(177, 14, 83);

-- --------------------------------------------------------

--
-- Table structure for table `tbl_product_photo`
--

CREATE TABLE `tbl_product_photo` (
  `pp_id` int(11) NOT NULL,
  `photo` varchar(255) NOT NULL,
  `p_id` int(11) NOT NULL
) ENGINE=InnoDB DEFAULT CHARSET=latin1;

--
-- Dumping data for table `tbl_product_photo`
--

INSERT INTO `tbl_product_photo` (`pp_id`, `photo`, `p_id`) VALUES
(8, '8.jpg', 4),
(13, '13.jpg', 8),
(14, '14.jpg', 8),
(15, '15.jpg', 9),
(16, '16.jpg', 16),
(17, '17.jpg', 16),
(18, '18.jpg', 16),
(19, '19.jpg', 16),
(20, '20.jpg', 17),
(21, '21.jpg', 17),
(22, '22.jpg', 17),
(23, '23.jpg', 18),
(24, '24.jpg', 18),
(25, '25.jpg', 18),
(26, '26.jpg', 18),
(27, '27.jpg', 19),
(28, '28.jpg', 19),
(29, '29.jpg', 19),
(30, '30.jpg', 20),
(31, '31.jpg', 20),
(32, '32.jpg', 21),
(33, '33.jpg', 21),
(34, '34.jpg', 22),
(35, '35.jpg', 22),
(36, '36.jpg', 23),
(37, '37.jpg', 23),
(38, '38.jpg', 24),
(39, '39.jpg', 24),
(40, '40.jpg', 25),
(41, '41.jpg', 25),
(42, '42.jpg', 26),
(43, '43.jpg', 26),
(44, '44.jpg', 27),
(45, '45.jpg', 27),
(46, '46.jpg', 28),
(47, '47.jpg', 28),
(48, '48.jpg', 29),
(49, '49.jpg', 29),
(50, '50.jpg', 31),
(51, '51.jpg', 31),
(52, '52.jpg', 32),
(53, '53.jpg', 32),
(56, '56.jpg', 34),
(57, '57.jpg', 35),
(59, '59.jpg', 38),
(60, '60.jpg', 38),
(61, '61.jpg', 42),
(62, '62.jpg', 42),
(63, '63.jpg', 42),
(105, '105.jpg', 82),
(106, '106.jpg', 82),
(107, '107.jpg', 82),
(108, '108.png', 83),
(109, '109.png', 83),
(110, '110.png', 83),
(111, '111.png', 84),
(112, '112.png', 84),
(113, '113.png', 85),
(114, '114.png', 85);

-- --------------------------------------------------------

--
-- Table structure for table `tbl_product_size`
--

CREATE TABLE `tbl_product_size` (
  `id` int(11) NOT NULL,
  `size_id` int(11) NOT NULL,
  `p_id` int(11) NOT NULL
) ENGINE=InnoDB DEFAULT CHARSET=latin1;

--
-- Dumping data for table `tbl_product_size`
--

INSERT INTO `tbl_product_size` (`id`, `size_id`, `p_id`) VALUES
(44, 1, 6),
(56, 8, 12),
(57, 9, 12),
(58, 10, 12),
(59, 11, 12),
(60, 12, 12),
(61, 13, 12),
(62, 9, 13),
(63, 11, 13),
(64, 13, 13),
(65, 15, 13),
(66, 9, 14),
(67, 11, 14),
(68, 12, 14),
(69, 13, 14),
(70, 9, 15),
(71, 11, 15),
(72, 13, 15),
(73, 15, 16),
(74, 16, 16),
(75, 17, 16),
(76, 16, 17),
(77, 17, 17),
(78, 14, 18),
(79, 15, 18),
(80, 16, 18),
(81, 17, 18),
(82, 15, 19),
(83, 16, 19),
(84, 17, 19),
(85, 14, 20),
(86, 15, 20),
(87, 17, 20),
(88, 15, 21),
(89, 17, 21),
(90, 15, 22),
(91, 16, 22),
(92, 17, 22),
(93, 15, 23),
(94, 16, 23),
(95, 17, 23),
(96, 18, 25),
(97, 19, 25),
(98, 20, 25),
(99, 21, 25),
(100, 19, 26),
(101, 21, 26),
(102, 22, 26),
(103, 23, 26),
(104, 19, 27),
(105, 20, 27),
(106, 21, 27),
(107, 22, 27),
(108, 19, 28),
(109, 20, 28),
(110, 21, 28),
(111, 19, 29),
(112, 20, 29),
(113, 22, 29),
(114, 1, 30),
(115, 2, 30),
(116, 3, 30),
(117, 4, 30),
(118, 23, 31),
(119, 26, 32),
(123, 2, 34),
(124, 2, 35),
(125, 2, 36),
(126, 3, 36),
(129, 2, 38),
(130, 3, 38),
(131, 4, 38),
(132, 5, 38),
(133, 27, 39),
(134, 8, 42),
(210, 3, 10),
(211, 4, 10),
(212, 5, 10),
(213, 6, 10),
(214, 3, 9),
(215, 4, 9),
(216, 3, 8),
(217, 4, 8),
(218, 2, 7),
(219, 3, 7),
(220, 4, 7),
(264, 1, 82),
(265, 2, 82),
(266, 3, 82),
(267, 4, 82),
(310, 1, 85),
(311, 2, 85),
(312, 3, 85),
(313, 4, 85),
(314, 5, 85),
(315, 6, 85),
(316, 1, 84),
(317, 2, 84),
(318, 3, 84),
(319, 4, 84),
(320, 5, 84),
(321, 6, 84),
(322, 1, 83),
(323, 2, 83),
(324, 3, 83),
(325, 4, 83),
(326, 5, 83),
(327, 6, 83);

-- --------------------------------------------------------

--
-- Table structure for table `tbl_rating`
--

CREATE TABLE `tbl_rating` (
  `rt_id` int(11) NOT NULL,
  `p_id` int(11) NOT NULL,
  `cust_id` int(11) NOT NULL,
  `comment` text NOT NULL,
  `rating` int(11) NOT NULL
) ENGINE=InnoDB DEFAULT CHARSET=utf8mb4;

--
-- Dumping data for table `tbl_rating`
--

INSERT INTO `tbl_rating` (`rt_id`, `p_id`, `cust_id`, `comment`, `rating`) VALUES
(20, 83, 14, 'Nice T shirt', 4),
(21, 84, 14, '', 5);

-- --------------------------------------------------------

--
-- Table structure for table `tbl_service`
--

CREATE TABLE `tbl_service` (
  `id` int(11) NOT NULL,
  `title` varchar(255) NOT NULL,
  `content` text NOT NULL,
  `photo` varchar(255) NOT NULL
) ENGINE=InnoDB DEFAULT CHARSET=latin1;

--
-- Dumping data for table `tbl_service`
--

INSERT INTO `tbl_service` (`id`, `title`, `content`, `photo`) VALUES
(5, 'Easy Returns', 'Return any item before 15 days. No questions asked.', 'service-5.png'),
(6, 'Less Shipping Charge', 'Enjoy less shipping charge in Pune. ', 'service-6.png'),
(7, 'Fast Delivery', 'Items are shipped in 24 hours.', 'service-7.png');

-- --------------------------------------------------------

--
-- Table structure for table `tbl_settings`
--

CREATE TABLE `tbl_settings` (
  `id` int(11) NOT NULL,
  `logo` varchar(255) NOT NULL,
  `favicon` varchar(255) NOT NULL,
  `footer_about` text NOT NULL,
  `footer_copyright` text NOT NULL,
  `contact_address` text NOT NULL,
  `contact_email` varchar(255) NOT NULL,
  `contact_phone` varchar(255) NOT NULL,
  `contact_fax` varchar(255) NOT NULL,
  `contact_map_iframe` text NOT NULL,
  `receive_email` varchar(255) NOT NULL,
  `receive_email_subject` varchar(255) NOT NULL,
  `receive_email_thank_you_message` text NOT NULL,
  `forget_password_message` text NOT NULL,
  `total_recent_post_footer` int(10) NOT NULL,
  `total_popular_post_footer` int(10) NOT NULL,
  `total_recent_post_sidebar` int(11) NOT NULL,
  `total_popular_post_sidebar` int(11) NOT NULL,
  `total_featured_product_home` int(11) NOT NULL,
  `total_latest_product_home` int(11) NOT NULL,
  `total_popular_product_home` int(11) NOT NULL,
  `meta_title_home` text NOT NULL,
  `meta_keyword_home` text NOT NULL,
  `meta_description_home` text NOT NULL,
  `banner_login` varchar(255) NOT NULL,
  `banner_registration` varchar(255) NOT NULL,
  `banner_forget_password` varchar(255) NOT NULL,
  `banner_reset_password` varchar(255) NOT NULL,
  `banner_search` varchar(255) NOT NULL,
  `banner_cart` varchar(255) NOT NULL,
  `banner_checkout` varchar(255) NOT NULL,
  `banner_product_category` varchar(255) NOT NULL,
  `banner_blog` varchar(255) NOT NULL,
  `cta_title` varchar(255) NOT NULL,
  `cta_content` text NOT NULL,
  `cta_read_more_text` varchar(255) NOT NULL,
  `cta_read_more_url` varchar(255) NOT NULL,
  `cta_photo` varchar(255) NOT NULL,
  `featured_product_title` varchar(255) NOT NULL,
  `featured_product_subtitle` varchar(255) NOT NULL,
  `latest_product_title` varchar(255) NOT NULL,
  `latest_product_subtitle` varchar(255) NOT NULL,
  `popular_product_title` varchar(255) NOT NULL,
  `popular_product_subtitle` varchar(255) NOT NULL,
  `testimonial_title` varchar(255) NOT NULL,
  `testimonial_subtitle` varchar(255) NOT NULL,
  `testimonial_photo` varchar(255) NOT NULL,
  `blog_title` varchar(255) NOT NULL,
  `blog_subtitle` varchar(255) NOT NULL,
  `newsletter_text` text NOT NULL,
  `paypal_email` varchar(255) NOT NULL,
  `stripe_public_key` varchar(255) NOT NULL,
  `stripe_secret_key` varchar(255) NOT NULL,
  `bank_detail` text NOT NULL,
  `before_head` text NOT NULL,
  `after_body` text NOT NULL,
  `before_body` text NOT NULL,
  `home_service_on_off` int(11) NOT NULL,
  `home_welcome_on_off` int(11) NOT NULL,
  `home_featured_product_on_off` int(11) NOT NULL,
  `home_latest_product_on_off` int(11) NOT NULL,
  `home_popular_product_on_off` int(11) NOT NULL,
  `home_testimonial_on_off` int(11) NOT NULL,
  `home_blog_on_off` int(11) NOT NULL,
  `newsletter_on_off` int(11) NOT NULL,
  `ads_above_welcome_on_off` int(1) NOT NULL,
  `ads_above_featured_product_on_off` int(1) NOT NULL,
  `ads_above_latest_product_on_off` int(1) NOT NULL,
  `ads_above_popular_product_on_off` int(1) NOT NULL,
  `ads_above_testimonial_on_off` int(1) NOT NULL,
  `ads_category_sidebar_on_off` int(1) NOT NULL
) ENGINE=InnoDB DEFAULT CHARSET=latin1;

--
-- Dumping data for table `tbl_settings`
--

INSERT INTO `tbl_settings` (`id`, `logo`, `favicon`, `footer_about`, `footer_copyright`, `contact_address`, `contact_email`, `contact_phone`, `contact_fax`, `contact_map_iframe`, `receive_email`, `receive_email_subject`, `receive_email_thank_you_message`, `forget_password_message`, `total_recent_post_footer`, `total_popular_post_footer`, `total_recent_post_sidebar`, `total_popular_post_sidebar`, `total_featured_product_home`, `total_latest_product_home`, `total_popular_product_home`, `meta_title_home`, `meta_keyword_home`, `meta_description_home`, `banner_login`, `banner_registration`, `banner_forget_password`, `banner_reset_password`, `banner_search`, `banner_cart`, `banner_checkout`, `banner_product_category`, `banner_blog`, `cta_title`, `cta_content`, `cta_read_more_text`, `cta_read_more_url`, `cta_photo`, `featured_product_title`, `featured_product_subtitle`, `latest_product_title`, `latest_product_subtitle`, `popular_product_title`, `popular_product_subtitle`, `testimonial_title`, `testimonial_subtitle`, `testimonial_photo`, `blog_title`, `blog_subtitle`, `newsletter_text`, `paypal_email`, `stripe_public_key`, `stripe_secret_key`, `bank_detail`, `before_head`, `after_body`, `before_body`, `home_service_on_off`, `home_welcome_on_off`, `home_featured_product_on_off`, `home_latest_product_on_off`, `home_popular_product_on_off`, `home_testimonial_on_off`, `home_blog_on_off`, `newsletter_on_off`, `ads_above_welcome_on_off`, `ads_above_featured_product_on_off`, `ads_above_latest_product_on_off`, `ads_above_popular_product_on_off`, `ads_above_testimonial_on_off`, `ads_category_sidebar_on_off`) VALUES
(1, 'logo.png', 'favicon.png', '<p>Lorem ipsum dolor sit amet, omnis signiferumque in mei, mei ex enim concludaturque. Senserit salutandi euripidis no per, modus maiestatis scribentur est an.Â Ea suas pertinax has.</p>\r\n', 'Copyright © 2023. All Rights Reserved.', 'Rehan Khan\r\nIndia', 'its.rehan119@gmail.com', '+91 9948349739', '', '', 'its.rehan119@gmail.com', 'Visitor Email Message from TrendHub.com', 'Thank you for sending email. We will contact you shortly.', 'A confirmation link is sent to your email address. You will get the password reset information in there.', 4, 4, 5, 5, 4, 4, 4, 'TrendHub.com | Online Clothes Shop', 'TrendHub', 'TrendHub.com is an online clothes shop.', 'banner_login.jpg', 'banner_registration.jpg', 'banner_forget_password.jpg', 'banner_reset_password.jpg', 'banner_search.jpg', 'banner_cart.jpg', 'banner_checkout.jpg', 'banner_product_category.jpg', 'banner_blog.jpg', 'Welcome To Our Ecommerce Website', 'Lorem ipsum dolor sit amet, an labores explicari qui, eu nostrum copiosae argumentum has. Latine propriae quo no, unum ridens expetenda id sit, \r\nat usu eius eligendi singulis. Sea ocurreret principes ne. At nonumy aperiri pri, nam quodsi copiosae intellegebat et, ex deserunt euripidis usu. ', 'Read More', '#', 'cta.jpg', 'Featured Products', 'See all our featured products from here', 'Latest Products', 'See all our latest products from here', 'Popular Products', 'See all our popular products from here', 'Testimonials', 'See what our clients tell about us', 'testimonial.jpg', 'Latest Blog', 'See all our latest articles and news from below', 'Sign-up to our newsletter for latest promotions and discounts.', 'admin@TrendHub.com', 'pk_test_0SwMWadgu8DwmEcPdUPRsZ7b', 'sk_test_TFcsLJ7xxUtpALbDo1L5c1PN', 'Bank Name: ABC Bank\r\nAccount Number: 1222320234444\r\nBranch Name: NY Branch\r\nCountry: USA', '', '', '', 1, 1, 1, 1, 0, 1, 1, 1, 1, 1, 1, 1, 1, 1);

-- --------------------------------------------------------

--
-- Table structure for table `tbl_shipping_cost`
--

CREATE TABLE `tbl_shipping_cost` (
  `shipping_cost_id` int(11) NOT NULL,
  `country_id` int(11) NOT NULL,
  `amount` varchar(20) NOT NULL
) ENGINE=InnoDB DEFAULT CHARSET=latin1;

--
-- Dumping data for table `tbl_shipping_cost`
--

INSERT INTO `tbl_shipping_cost` (`shipping_cost_id`, `country_id`, `amount`) VALUES
(1, 228, '0'),
(2, 167, '10'),
(3, 13, '8'),
(4, 246, '50'),
(5, 258, '125'),
(7, 256, '100');

-- --------------------------------------------------------

--
-- Table structure for table `tbl_shipping_cost_all`
--

CREATE TABLE `tbl_shipping_cost_all` (
  `sca_id` int(11) NOT NULL,
  `amount` varchar(20) NOT NULL
) ENGINE=InnoDB DEFAULT CHARSET=latin1;

--
-- Dumping data for table `tbl_shipping_cost_all`
--

INSERT INTO `tbl_shipping_cost_all` (`sca_id`, `amount`) VALUES
(1, '300');

-- --------------------------------------------------------

--
-- Table structure for table `tbl_size`
--

CREATE TABLE `tbl_size` (
  `size_id` int(11) NOT NULL,
  `size_name` varchar(255) NOT NULL
) ENGINE=InnoDB DEFAULT CHARSET=latin1;

--
-- Dumping data for table `tbl_size`
--

INSERT INTO `tbl_size` (`size_id`, `size_name`) VALUES
(1, 'XS'),
(2, 'S'),
(3, 'M'),
(4, 'L'),
(5, 'XL'),
(6, 'XXL'),
(9, '32'),
(10, '33'),
(13, '36'),
(14, '37'),
(15, '38'),
(16, '39'),
(17, '40'),
(18, '41'),
(19, '42'),
(20, '43'),
(21, '44'),
(22, '45'),
(23, '46'),
(24, '47'),
(25, '48'),
(26, 'Free Size'),
(27, 'One Size for All'),
(28, '10'),
(29, '31');

-- --------------------------------------------------------

--
-- Table structure for table `tbl_slider`
--

CREATE TABLE `tbl_slider` (
  `id` int(11) NOT NULL,
  `photo` varchar(255) NOT NULL,
  `heading` varchar(255) NOT NULL,
  `content` text NOT NULL,
  `button_text` varchar(255) NOT NULL,
  `button_url` varchar(255) NOT NULL,
  `position` varchar(255) NOT NULL
) ENGINE=InnoDB DEFAULT CHARSET=latin1;

--
-- Dumping data for table `tbl_slider`
--

INSERT INTO `tbl_slider` (`id`, `photo`, `heading`, `content`, `button_text`, `button_url`, `position`) VALUES
(1, 'slider-1.png', 'Welcome to TrendHub.com', 'Shop Online ', 'Shop Men Accessories', 'http://localhost/TrendHub/product-category.php?id=4&type=mid-category', 'Center'),
(3, 'slider-3.jpg', '24*7 Customer Support', '', '', '', 'Center'),
(4, 'slider-4.jpg', '', '', '', '', 'Right');

-- --------------------------------------------------------

--
-- Table structure for table `tbl_social`
--

CREATE TABLE `tbl_social` (
  `social_id` int(11) NOT NULL,
  `social_name` varchar(30) NOT NULL,
  `social_url` varchar(255) NOT NULL,
  `social_icon` varchar(30) NOT NULL
) ENGINE=InnoDB DEFAULT CHARSET=latin1;

--
-- Dumping data for table `tbl_social`
--

INSERT INTO `tbl_social` (`social_id`, `social_name`, `social_url`, `social_icon`) VALUES
(1, 'Facebook', 'https://www.facebook.com/TrendHub', 'fa fa-facebook'),
(2, 'Twitter', 'https://www.twitter.com/TrendHub', 'fa fa-twitter'),
(6, 'YouTube', 'https://www.youtube.com/TrendHub', 'fa fa-youtube'),
(7, 'Instagram', '', 'fa fa-instagram'),
(12, 'WhatsApp', '', 'fa fa-whatsapp');

-- --------------------------------------------------------

--
-- Table structure for table `tbl_top_category`
--

CREATE TABLE `tbl_top_category` (
  `tcat_id` int(11) NOT NULL,
  `tcat_name` varchar(255) NOT NULL,
  `show_on_menu` int(1) NOT NULL
) ENGINE=InnoDB DEFAULT CHARSET=latin1;

--
-- Dumping data for table `tbl_top_category`
--

INSERT INTO `tbl_top_category` (`tcat_id`, `tcat_name`, `show_on_menu`) VALUES
(1, 'Men', 1),
(2, 'Women', 1),
(4, 'Kids', 1);

-- --------------------------------------------------------

--
-- Table structure for table `tbl_user`
--

CREATE TABLE `tbl_user` (
  `id` int(10) NOT NULL,
  `full_name` varchar(100) NOT NULL,
  `email` varchar(255) NOT NULL,
  `phone` varchar(100) NOT NULL,
  `password` varchar(255) NOT NULL,
  `photo` varchar(255) NOT NULL,
  `role` varchar(30) NOT NULL,
  `status` varchar(10) NOT NULL
) ENGINE=InnoDB DEFAULT CHARSET=latin1;

--
-- Dumping data for table `tbl_user`
--

INSERT INTO `tbl_user` (`id`, `full_name`, `email`, `phone`, `password`, `photo`, `role`, `status`) VALUES
(1, 'Rehan Khan', 'its.rehan119@gmail.com', '9834128192', '81dc9bdb52d04dc20036dbd8313ed055', 'user-1.png', 'Super Admin', 'Active'),
(13, 'Mihir Limje', 'mihirlimje123@gmail.com', '', '81dc9bdb52d04dc20036dbd8313ed055', 'user-13.jpg', 'Admin', 'Active');

--
-- Indexes for dumped tables
--

--
-- Indexes for table `tbl_color`
--
ALTER TABLE `tbl_color`
  ADD PRIMARY KEY (`color_id`);

--
-- Indexes for table `tbl_country`
--
ALTER TABLE `tbl_country`
  ADD PRIMARY KEY (`country_id`);

--
-- Indexes for table `tbl_customer`
--
ALTER TABLE `tbl_customer`
  ADD PRIMARY KEY (`cust_id`);

--
-- Indexes for table `tbl_customer_message`
--
ALTER TABLE `tbl_customer_message`
  ADD PRIMARY KEY (`customer_message_id`);

--
-- Indexes for table `tbl_end_category`
--
ALTER TABLE `tbl_end_category`
  ADD PRIMARY KEY (`ecat_id`);

--
-- Indexes for table `tbl_faq`
--
ALTER TABLE `tbl_faq`
  ADD PRIMARY KEY (`faq_id`);

--
-- Indexes for table `tbl_language`
--
ALTER TABLE `tbl_language`
  ADD PRIMARY KEY (`lang_id`);

--
-- Indexes for table `tbl_mid_category`
--
ALTER TABLE `tbl_mid_category`
  ADD PRIMARY KEY (`mcat_id`);

--
-- Indexes for table `tbl_order`
--
ALTER TABLE `tbl_order`
  ADD PRIMARY KEY (`id`);

--
-- Indexes for table `tbl_page`
--
ALTER TABLE `tbl_page`
  ADD PRIMARY KEY (`id`);

--
-- Indexes for table `tbl_payment`
--
ALTER TABLE `tbl_payment`
  ADD PRIMARY KEY (`id`);

--
-- Indexes for table `tbl_photo`
--
ALTER TABLE `tbl_photo`
  ADD PRIMARY KEY (`id`);

--
-- Indexes for table `tbl_product`
--
ALTER TABLE `tbl_product`
  ADD PRIMARY KEY (`p_id`);

--
-- Indexes for table `tbl_product_color`
--
ALTER TABLE `tbl_product_color`
  ADD PRIMARY KEY (`id`);

--
-- Indexes for table `tbl_product_photo`
--
ALTER TABLE `tbl_product_photo`
  ADD PRIMARY KEY (`pp_id`);

--
-- Indexes for table `tbl_product_size`
--
ALTER TABLE `tbl_product_size`
  ADD PRIMARY KEY (`id`);

--
-- Indexes for table `tbl_rating`
--
ALTER TABLE `tbl_rating`
  ADD PRIMARY KEY (`rt_id`);

--
-- Indexes for table `tbl_service`
--
ALTER TABLE `tbl_service`
  ADD PRIMARY KEY (`id`);

--
-- Indexes for table `tbl_settings`
--
ALTER TABLE `tbl_settings`
  ADD PRIMARY KEY (`id`);

--
-- Indexes for table `tbl_shipping_cost`
--
ALTER TABLE `tbl_shipping_cost`
  ADD PRIMARY KEY (`shipping_cost_id`);

--
-- Indexes for table `tbl_shipping_cost_all`
--
ALTER TABLE `tbl_shipping_cost_all`
  ADD PRIMARY KEY (`sca_id`);

--
-- Indexes for table `tbl_size`
--
ALTER TABLE `tbl_size`
  ADD PRIMARY KEY (`size_id`);

--
-- Indexes for table `tbl_slider`
--
ALTER TABLE `tbl_slider`
  ADD PRIMARY KEY (`id`);

--
-- Indexes for table `tbl_social`
--
ALTER TABLE `tbl_social`
  ADD PRIMARY KEY (`social_id`);

--
-- Indexes for table `tbl_top_category`
--
ALTER TABLE `tbl_top_category`
  ADD PRIMARY KEY (`tcat_id`);

--
-- Indexes for table `tbl_user`
--
ALTER TABLE `tbl_user`
  ADD PRIMARY KEY (`id`);

--
-- AUTO_INCREMENT for dumped tables
--

--
-- AUTO_INCREMENT for table `tbl_color`
--
ALTER TABLE `tbl_color`
  MODIFY `color_id` int(11) NOT NULL AUTO_INCREMENT, AUTO_INCREMENT=21;

--
-- AUTO_INCREMENT for table `tbl_country`
--
ALTER TABLE `tbl_country`
  MODIFY `country_id` int(11) NOT NULL AUTO_INCREMENT, AUTO_INCREMENT=260;

--
-- AUTO_INCREMENT for table `tbl_customer`
--
ALTER TABLE `tbl_customer`
  MODIFY `cust_id` int(11) NOT NULL AUTO_INCREMENT, AUTO_INCREMENT=16;

--
-- AUTO_INCREMENT for table `tbl_customer_message`
--
ALTER TABLE `tbl_customer_message`
  MODIFY `customer_message_id` int(11) NOT NULL AUTO_INCREMENT, AUTO_INCREMENT=9;

--
-- AUTO_INCREMENT for table `tbl_end_category`
--
ALTER TABLE `tbl_end_category`
  MODIFY `ecat_id` int(11) NOT NULL AUTO_INCREMENT, AUTO_INCREMENT=61;

--
-- AUTO_INCREMENT for table `tbl_faq`
--
ALTER TABLE `tbl_faq`
  MODIFY `faq_id` int(11) NOT NULL AUTO_INCREMENT, AUTO_INCREMENT=6;

--
-- AUTO_INCREMENT for table `tbl_language`
--
ALTER TABLE `tbl_language`
  MODIFY `lang_id` int(11) NOT NULL AUTO_INCREMENT, AUTO_INCREMENT=164;

--
-- AUTO_INCREMENT for table `tbl_mid_category`
--
ALTER TABLE `tbl_mid_category`
  MODIFY `mcat_id` int(11) NOT NULL AUTO_INCREMENT, AUTO_INCREMENT=14;

--
-- AUTO_INCREMENT for table `tbl_order`
--
ALTER TABLE `tbl_order`
  MODIFY `id` int(11) NOT NULL AUTO_INCREMENT, AUTO_INCREMENT=53;

--
-- AUTO_INCREMENT for table `tbl_page`
--
ALTER TABLE `tbl_page`
  MODIFY `id` int(11) NOT NULL AUTO_INCREMENT, AUTO_INCREMENT=2;

--
-- AUTO_INCREMENT for table `tbl_payment`
--
ALTER TABLE `tbl_payment`
  MODIFY `id` int(11) NOT NULL AUTO_INCREMENT, AUTO_INCREMENT=49;

--
-- AUTO_INCREMENT for table `tbl_photo`
--
ALTER TABLE `tbl_photo`
  MODIFY `id` int(11) NOT NULL AUTO_INCREMENT, AUTO_INCREMENT=7;

--
-- AUTO_INCREMENT for table `tbl_product`
--
ALTER TABLE `tbl_product`
  MODIFY `p_id` int(11) NOT NULL AUTO_INCREMENT, AUTO_INCREMENT=86;

--
-- AUTO_INCREMENT for table `tbl_product_color`
--
ALTER TABLE `tbl_product_color`
  MODIFY `id` int(11) NOT NULL AUTO_INCREMENT, AUTO_INCREMENT=178;

--
-- AUTO_INCREMENT for table `tbl_product_photo`
--
ALTER TABLE `tbl_product_photo`
  MODIFY `pp_id` int(11) NOT NULL AUTO_INCREMENT, AUTO_INCREMENT=115;

--
-- AUTO_INCREMENT for table `tbl_product_size`
--
ALTER TABLE `tbl_product_size`
  MODIFY `id` int(11) NOT NULL AUTO_INCREMENT, AUTO_INCREMENT=328;

--
-- AUTO_INCREMENT for table `tbl_rating`
--
ALTER TABLE `tbl_rating`
  MODIFY `rt_id` int(11) NOT NULL AUTO_INCREMENT, AUTO_INCREMENT=22;

--
-- AUTO_INCREMENT for table `tbl_service`
--
ALTER TABLE `tbl_service`
  MODIFY `id` int(11) NOT NULL AUTO_INCREMENT, AUTO_INCREMENT=8;

--
-- AUTO_INCREMENT for table `tbl_settings`
--
ALTER TABLE `tbl_settings`
  MODIFY `id` int(11) NOT NULL AUTO_INCREMENT, AUTO_INCREMENT=2;

--
-- AUTO_INCREMENT for table `tbl_shipping_cost`
--
ALTER TABLE `tbl_shipping_cost`
  MODIFY `shipping_cost_id` int(11) NOT NULL AUTO_INCREMENT, AUTO_INCREMENT=8;

--
-- AUTO_INCREMENT for table `tbl_shipping_cost_all`
--
ALTER TABLE `tbl_shipping_cost_all`
  MODIFY `sca_id` int(11) NOT NULL AUTO_INCREMENT, AUTO_INCREMENT=2;

--
-- AUTO_INCREMENT for table `tbl_size`
--
ALTER TABLE `tbl_size`
  MODIFY `size_id` int(11) NOT NULL AUTO_INCREMENT, AUTO_INCREMENT=30;

--
-- AUTO_INCREMENT for table `tbl_slider`
--
ALTER TABLE `tbl_slider`
  MODIFY `id` int(11) NOT NULL AUTO_INCREMENT, AUTO_INCREMENT=5;

--
-- AUTO_INCREMENT for table `tbl_social`
--
ALTER TABLE `tbl_social`
  MODIFY `social_id` int(11) NOT NULL AUTO_INCREMENT, AUTO_INCREMENT=17;

--
-- AUTO_INCREMENT for table `tbl_top_category`
--
ALTER TABLE `tbl_top_category`
  MODIFY `tcat_id` int(11) NOT NULL AUTO_INCREMENT, AUTO_INCREMENT=5;

--
-- AUTO_INCREMENT for table `tbl_user`
--
ALTER TABLE `tbl_user`
  MODIFY `id` int(10) NOT NULL AUTO_INCREMENT, AUTO_INCREMENT=15;
COMMIT;

/*!40101 SET CHARACTER_SET_CLIENT=@OLD_CHARACTER_SET_CLIENT */;
/*!40101 SET CHARACTER_SET_RESULTS=@OLD_CHARACTER_SET_RESULTS */;
/*!40101 SET COLLATION_CONNECTION=@OLD_COLLATION_CONNECTION */;
